Congress,Years,Chamber,PartyStatus,Seats
34,1855 - 1857,Senate,All,62
35,1857 - 1859,Senate,All,64
36,1859 - 1861,Senate,All,66
37,1861 - 1863,Senate,All,50
38,1863 - 1865,Senate,All,51
39,1865 - 1867,Senate,All,52
40,1867 - 1869,Senate,All,53
41,1869 - 1871,Senate,All,74
42,1871 - 1873,Senate,All,74
43,1873 - 1875,Senate,All,74
44,1875 - 1877,Senate,All,76
45,1877 - 1879,Senate,All,76
46,1879 - 1881,Senate,All,76
47,1881 - 1883,Senate,All,76
48,1883 - 1885,Senate,All,76
49,1885 - 1887,Senate,All,76
50,1887 - 1889,Senate,All,76
51,1889 - 1891,Senate,All,84
52,1891 - 1893,Senate,All,88
53,1893 - 1895,Senate,All,88
54,1895 - 1897,Senate,All,88
55,1897 - 1899,Senate,All,90
56,1899 - 1901,Senate,All,90
57,1901 - 1903,Senate,All,90
58,1903 - 1905,Senate,All,90
59,1905 - 1907,Senate,All,90
60,1907 - 1909,Senate,All,92
61,1909 - 1911,Senate,All,92
62,1911 - 1913,Senate,All,92
63,1913 - 1915,Senate,All,96
64,1915 - 1917,Senate,All,96
65,1917 - 1919,Senate,All,96
66,1919 - 1921,Senate,All,96
67,1921 - 1923,Senate,All,96
68,1923 - 1925,Senate,All,96
69,1925 - 1927,Senate,All,96
70,1927 - 1929,Senate,All,96
71,1929 - 1931,Senate,All,96
72,1931 - 1933,Senate,All,96
73,1933 - 1935,Senate,All,96
74,1935 - 1937,Senate,All,96
75,1937 - 1939,Senate,All,96
76,1939 - 1941,Senate,All,96
77,1941 - 1943,Senate,All,96
78,1943 - 1945,Senate,All,96
79,1945 - 1947,Senate,All,96
80,1947 - 1949,Senate,All,96
81,1949 - 1951,Senate,All,96
82,1951 - 1953,Senate,All,96
83,1953 - 1955,Senate,All,96
84,1955 - 1957,Senate,All,96
85,1957 - 1959,Senate,All,96
86,1959 - 1961,Senate,All,98
87,1961 - 1963,Senate,All,100
88,1963 - 1965,Senate,All,100
89,1965 - 1967,Senate,All,100
90,1967 - 1969,Senate,All,100
91,1969 - 1971,Senate,All,100
92,1971 - 1973,Senate,All,100
93,1973 - 1975,Senate,All,100
94,1975 - 1977,Senate,All,100
95,1977 - 1979,Senate,All,100
96,1979 - 1981,Senate,All,100
97,1981 - 1983,Senate,All,100
98,1983 - 1985,Senate,All,100
99,1985 - 1987,Senate,All,100
100,1987 - 1989,Senate,All,100
101,1989 - 1991,Senate,All,100
102,1991 - 1993,Senate,All,100
103,1993 - 1995,Senate,All,100
104,1995 - 1997,Senate,All,100
105,1997 - 1999,Senate,All,100
106,1999 - 2001,Senate,All,100
107,2001 - 2003,Senate,All,100
108,2003 - 2005,Senate,All,100
109,2005 - 2007,Senate,All,100
110,2007 - 2009,Senate,All,100
111,2009 - 2011,Senate,All,100
112,2011 - 2013,Senate,All,100
113,2013 - 2015,Senate,All,100
114,2015 - 2017,Senate,All,100
115,2017 - 2018,Senate,All,100
34,1855 - 1857,Senate,Democrat,42
35,1857 - 1859,Senate,Democrat,39
36,1859 - 1861,Senate,Democrat,38
37,1861 - 1863,Senate,Democrat,11
38,1863 - 1865,Senate,Democrat,12
39,1865 - 1867,Senate,Democrat,10
40,1867 - 1869,Senate,Democrat,11
41,1869 - 1871,Senate,Democrat,11
42,1871 - 1873,Senate,Democrat,17
43,1873 - 1875,Senate,Democrat,19
44,1875 - 1877,Senate,Democrat,29
45,1877 - 1879,Senate,Democrat,36
46,1879 - 1881,Senate,Democrat,43
47,1881 - 1883,Senate,Democrat,37
48,1883 - 1885,Senate,Democrat,36
49,1885 - 1887,Senate,Democrat,34
50,1887 - 1889,Senate,Democrat,37
51,1889 - 1891,Senate,Democrat,37
52,1891 - 1893,Senate,Democrat,39
53,1893 - 1895,Senate,Democrat,44
54,1895 - 1897,Senate,Democrat,39
55,1897 - 1899,Senate,Democrat,34
56,1899 - 1901,Senate,Democrat,26
57,1901 - 1903,Senate,Democrat,29
58,1903 - 1905,Senate,Democrat,32
59,1905 - 1907,Senate,Democrat,32
60,1907 - 1909,Senate,Democrat,29
61,1909 - 1911,Senate,Democrat,32
62,1911 - 1913,Senate,Democrat,42
63,1913 - 1915,Senate,Democrat,51
64,1915 - 1917,Senate,Democrat,56
65,1917 - 1919,Senate,Democrat,53
66,1919 - 1921,Senate,Democrat,47
67,1921 - 1923,Senate,Democrat,37
68,1923 - 1925,Senate,Democrat,43
69,1925 - 1927,Senate,Democrat,40
70,1927 - 1929,Senate,Democrat,47
71,1929 - 1931,Senate,Democrat,39
72,1931 - 1933,Senate,Democrat,47
73,1933 - 1935,Senate,Democrat,59
74,1935 - 1937,Senate,Democrat,69
75,1937 - 1939,Senate,Democrat,75
76,1939 - 1941,Senate,Democrat,69
77,1941 - 1943,Senate,Democrat,66
78,1943 - 1945,Senate,Democrat,57
79,1945 - 1947,Senate,Democrat,57
80,1947 - 1949,Senate,Democrat,45
81,1949 - 1951,Senate,Democrat,54
82,1951 - 1953,Senate,Democrat,48
83,1953 - 1955,Senate,Democrat,46
84,1955 - 1957,Senate,Democrat,48
85,1957 - 1959,Senate,Democrat,49
86,1959 - 1961,Senate,Democrat,64
87,1961 - 1963,Senate,Democrat,64
88,1963 - 1965,Senate,Democrat,67
89,1965 - 1967,Senate,Democrat,68
90,1967 - 1969,Senate,Democrat,64
91,1969 - 1971,Senate,Democrat,58
92,1971 - 1973,Senate,Democrat,54
93,1973 - 1975,Senate,Democrat,56
94,1975 - 1977,Senate,Democrat,61
95,1977 - 1979,Senate,Democrat,61
96,1979 - 1981,Senate,Democrat,58
97,1981 - 1983,Senate,Democrat,46
98,1983 - 1985,Senate,Democrat,46
99,1985 - 1987,Senate,Democrat,47
100,1987 - 1989,Senate,Democrat,55
101,1989 - 1991,Senate,Democrat,55
102,1991 - 1993,Senate,Democrat,56
103,1993 - 1995,Senate,Democrat,57
104,1995 - 1997,Senate,Democrat,47
105,1997 - 1999,Senate,Democrat,45
106,1999 - 2001,Senate,Democrat,45
107,2001 - 2003,Senate,Democrat,50
108,2003 - 2005,Senate,Democrat,48
109,2005 - 2007,Senate,Democrat,44
110,2007 - 2009,Senate,Democrat,49
111,2009 - 2011,Senate,Democrat,55
112,2011 - 2013,Senate,Democrat,51
113,2013 - 2015,Senate,Democrat,53
114,2015 - 2017,Senate,Democrat,44
115,2017 - 2018,Senate,Democrat,46
34,1855 - 1857,Senate,Republican,15
35,1857 - 1859,Senate,Republican,20
36,1859 - 1861,Senate,Republican,26
37,1861 - 1863,Senate,Republican,31
38,1863 - 1865,Senate,Republican,39
39,1865 - 1867,Senate,Republican,42
40,1867 - 1869,Senate,Republican,42
41,1869 - 1871,Senate,Republican,61
42,1871 - 1873,Senate,Republican,57
43,1873 - 1875,Senate,Republican,54
44,1875 - 1877,Senate,Republican,46
45,1877 - 1879,Senate,Republican,39
46,1879 - 1881,Senate,Republican,33
47,1881 - 1883,Senate,Republican,37
48,1883 - 1885,Senate,Republican,40
49,1885 - 1887,Senate,Republican,41
50,1887 - 1889,Senate,Republican,39
51,1889 - 1891,Senate,Republican,47
52,1891 - 1893,Senate,Republican,47
53,1893 - 1895,Senate,Republican,38
54,1895 - 1897,Senate,Republican,44
55,1897 - 1899,Senate,Republican,46
56,1899 - 1901,Senate,Republican,53
57,1901 - 1903,Senate,Republican,56
58,1903 - 1905,Senate,Republican,58
59,1905 - 1907,Senate,Republican,58
60,1907 - 1909,Senate,Republican,61
61,1909 - 1911,Senate,Republican,59
62,1911 - 1913,Senate,Republican,49
63,1913 - 1915,Senate,Republican,44
64,1915 - 1917,Senate,Republican,39
65,1917 - 1919,Senate,Republican,42
66,1919 - 1921,Senate,Republican,48
67,1921 - 1923,Senate,Republican,59
68,1923 - 1925,Senate,Republican,51
69,1925 - 1927,Senate,Republican,54
70,1927 - 1929,Senate,Republican,48
71,1929 - 1931,Senate,Republican,56
72,1931 - 1933,Senate,Republican,48
73,1933 - 1935,Senate,Republican,36
74,1935 - 1937,Senate,Republican,25
75,1937 - 1939,Senate,Republican,17
76,1939 - 1941,Senate,Republican,23
77,1941 - 1943,Senate,Republican,28
78,1943 - 1945,Senate,Republican,38
79,1945 - 1947,Senate,Republican,38
80,1947 - 1949,Senate,Republican,51
81,1949 - 1951,Senate,Republican,42
82,1951 - 1953,Senate,Republican,47
83,1953 - 1955,Senate,Republican,48
84,1955 - 1957,Senate,Republican,47
85,1957 - 1959,Senate,Republican,47
86,1959 - 1961,Senate,Republican,34
87,1961 - 1963,Senate,Republican,36
88,1963 - 1965,Senate,Republican,33
89,1965 - 1967,Senate,Republican,32
90,1967 - 1969,Senate,Republican,36
91,1969 - 1971,Senate,Republican,42
92,1971 - 1973,Senate,Republican,44
93,1973 - 1975,Senate,Republican,42
94,1975 - 1977,Senate,Republican,37
95,1977 - 1979,Senate,Republican,38
96,1979 - 1981,Senate,Republican,41
97,1981 - 1983,Senate,Republican,53
98,1983 - 1985,Senate,Republican,54
99,1985 - 1987,Senate,Republican,53
100,1987 - 1989,Senate,Republican,45
101,1989 - 1991,Senate,Republican,45
102,1991 - 1993,Senate,Republican,44
103,1993 - 1995,Senate,Republican,43
104,1995 - 1997,Senate,Republican,53
105,1997 - 1999,Senate,Republican,55
106,1999 - 2001,Senate,Republican,55
107,2001 - 2003,Senate,Republican,50
108,2003 - 2005,Senate,Republican,51
109,2005 - 2007,Senate,Republican,55
110,2007 - 2009,Senate,Republican,49
111,2009 - 2011,Senate,Republican,41
112,2011 - 2013,Senate,Republican,47
113,2013 - 2015,Senate,Republican,45
114,2015 - 2017,Senate,Republican,54
115,2017 - 2018,Senate,Republican,52
34,1855 - 1857,Senate,Other,5
35,1857 - 1859,Senate,Other,5
36,1859 - 1861,Senate,Other,2
37,1861 - 1863,Senate,Other,7
38,1863 - 1865,Senate,Other,.
39,1865 - 1867,Senate,Other,.
40,1867 - 1869,Senate,Other,.
41,1869 - 1871,Senate,Other,.
42,1871 - 1873,Senate,Other,.
43,1873 - 1875,Senate,Other,.
44,1875 - 1877,Senate,Other,.
45,1877 - 1879,Senate,Other,1
46,1879 - 1881,Senate,Other,.
47,1881 - 1883,Senate,Other,2
48,1883 - 1885,Senate,Other,.
49,1885 - 1887,Senate,Other,.
50,1887 - 1889,Senate,Other,.
51,1889 - 1891,Senate,Other,.
52,1891 - 1893,Senate,Other,2
53,1893 - 1895,Senate,Other,3
54,1895 - 1897,Senate,Other,5
55,1897 - 1899,Senate,Other,10
56,1899 - 1901,Senate,Other,11
57,1901 - 1903,Senate,Other,3
58,1903 - 1905,Senate,Other,.
59,1905 - 1907,Senate,Other,.
60,1907 - 1909,Senate,Other,.
61,1909 - 1911,Senate,Other,.
62,1911 - 1913,Senate,Other,.
63,1913 - 1915,Senate,Other,1
64,1915 - 1917,Senate,Other,1
65,1917 - 1919,Senate,Other,1
66,1919 - 1921,Senate,Other,1
67,1921 - 1923,Senate,Other,.
68,1923 - 1925,Senate,Other,2
69,1925 - 1927,Senate,Other,1
70,1927 - 1929,Senate,Other,1
71,1929 - 1931,Senate,Other,1
72,1931 - 1933,Senate,Other,1
73,1933 - 1935,Senate,Other,1
74,1935 - 1937,Senate,Other,2
75,1937 - 1939,Senate,Other,4
76,1939 - 1941,Senate,Other,4
77,1941 - 1943,Senate,Other,2
78,1943 - 1945,Senate,Other,1
79,1945 - 1947,Senate,Other,1
80,1947 - 1949,Senate,Other,.
81,1949 - 1951,Senate,Other,.
82,1951 - 1953,Senate,Other,1
83,1953 - 1955,Senate,Other,2
84,1955 - 1957,Senate,Other,1
85,1957 - 1959,Senate,Other,.
86,1959 - 1961,Senate,Other,.
87,1961 - 1963,Senate,Other,.
88,1963 - 1965,Senate,Other,.
89,1965 - 1967,Senate,Other,.
90,1967 - 1969,Senate,Other,.
91,1969 - 1971,Senate,Other,.
92,1971 - 1973,Senate,Other,2
93,1973 - 1975,Senate,Other,2
94,1975 - 1977,Senate,Other,2
95,1977 - 1979,Senate,Other,1
96,1979 - 1981,Senate,Other,1
97,1981 - 1983,Senate,Other,1
98,1983 - 1985,Senate,Other,.
99,1985 - 1987,Senate,Other,.
100,1987 - 1989,Senate,Other,.
101,1989 - 1991,Senate,Other,.
102,1991 - 1993,Senate,Other,.
103,1993 - 1995,Senate,Other,.
104,1995 - 1997,Senate,Other,.
105,1997 - 1999,Senate,Other,.
106,1999 - 2001,Senate,Other,.
107,2001 - 2003,Senate,Other,.
108,2003 - 2005,Senate,Other,1
109,2005 - 2007,Senate,Other,1
110,2007 - 2009,Senate,Other,2
111,2009 - 2011,Senate,Other,2
112,2011 - 2013,Senate,Other,2
113,2013 - 2015,Senate,Other,2
114,2015 - 2017,Senate,Other,2
115,2017 - 2018,Senate,Other,2
34,1855 - 1857,Senate,Vacant,.
35,1857 - 1859,Senate,Vacant,.
36,1859 - 1861,Senate,Vacant,.
37,1861 - 1863,Senate,Vacant,1
38,1863 - 1865,Senate,Vacant,.
39,1865 - 1867,Senate,Vacant,.
40,1867 - 1869,Senate,Vacant,.
41,1869 - 1871,Senate,Vacant,2
42,1871 - 1873,Senate,Vacant,.
43,1873 - 1875,Senate,Vacant,1
44,1875 - 1877,Senate,Vacant,1
45,1877 - 1879,Senate,Vacant,.
46,1879 - 1881,Senate,Vacant,.
47,1881 - 1883,Senate,Vacant,.
48,1883 - 1885,Senate,Vacant,.
49,1885 - 1887,Senate,Vacant,1
50,1887 - 1889,Senate,Vacant,.
51,1889 - 1891,Senate,Vacant,.
52,1891 - 1893,Senate,Vacant,.
53,1893 - 1895,Senate,Vacant,3
54,1895 - 1897,Senate,Vacant,.
55,1897 - 1899,Senate,Vacant,.
56,1899 - 1901,Senate,Vacant,.
57,1901 - 1903,Senate,Vacant,2
58,1903 - 1905,Senate,Vacant,.
59,1905 - 1907,Senate,Vacant,.
60,1907 - 1909,Senate,Vacant,2
61,1909 - 1911,Senate,Vacant,1
62,1911 - 1913,Senate,Vacant,1
63,1913 - 1915,Senate,Vacant,.
64,1915 - 1917,Senate,Vacant,.
65,1917 - 1919,Senate,Vacant,.
66,1919 - 1921,Senate,Vacant,.
67,1921 - 1923,Senate,Vacant,.
68,1923 - 1925,Senate,Vacant,.
69,1925 - 1927,Senate,Vacant,1
70,1927 - 1929,Senate,Vacant,.
71,1929 - 1931,Senate,Vacant,.
72,1931 - 1933,Senate,Vacant,.
73,1933 - 1935,Senate,Vacant,.
74,1935 - 1937,Senate,Vacant,.
75,1937 - 1939,Senate,Vacant,.
76,1939 - 1941,Senate,Vacant,.
77,1941 - 1943,Senate,Vacant,.
78,1943 - 1945,Senate,Vacant,.
79,1945 - 1947,Senate,Vacant,.
80,1947 - 1949,Senate,Vacant,.
81,1949 - 1951,Senate,Vacant,.
82,1951 - 1953,Senate,Vacant,.
83,1953 - 1955,Senate,Vacant,.
84,1955 - 1957,Senate,Vacant,.
85,1957 - 1959,Senate,Vacant,.
86,1959 - 1961,Senate,Vacant,.
87,1961 - 1963,Senate,Vacant,.
88,1963 - 1965,Senate,Vacant,.
89,1965 - 1967,Senate,Vacant,.
90,1967 - 1969,Senate,Vacant,.
91,1969 - 1971,Senate,Vacant,.
92,1971 - 1973,Senate,Vacant,.
93,1973 - 1975,Senate,Vacant,.
94,1975 - 1977,Senate,Vacant,.
95,1977 - 1979,Senate,Vacant,.
96,1979 - 1981,Senate,Vacant,.
97,1981 - 1983,Senate,Vacant,.
98,1983 - 1985,Senate,Vacant,.
99,1985 - 1987,Senate,Vacant,.
100,1987 - 1989,Senate,Vacant,.
101,1989 - 1991,Senate,Vacant,.
102,1991 - 1993,Senate,Vacant,.
103,1993 - 1995,Senate,Vacant,.
104,1995 - 1997,Senate,Vacant,.
105,1997 - 1999,Senate,Vacant,.
106,1999 - 2001,Senate,Vacant,.
107,2001 - 2003,Senate,Vacant,.
108,2003 - 2005,Senate,Vacant,.
109,2005 - 2007,Senate,Vacant,.
110,2007 - 2009,Senate,Vacant,.
111,2009 - 2011,Senate,Vacant,1
112,2011 - 2013,Senate,Vacant,.
113,2013 - 2015,Senate,Vacant,.
114,2015 - 2017,Senate,Vacant,.
115,2017 - 2018,Senate,Vacant,.
34,1855 - 1857,House,All,234
35,1857 - 1859,House,All,237
36,1859 - 1861,House,All,237
37,1861 - 1863,House,All,178
38,1863 - 1865,House,All,183
39,1865 - 1867,House,All,191
40,1867 - 1869,House,All,193
41,1869 - 1871,House,All,243
42,1871 - 1873,House,All,243
43,1873 - 1875,House,All,293
44,1875 - 1877,House,All,293
45,1877 - 1879,House,All,293
46,1879 - 1881,House,All,293
47,1881 - 1883,House,All,293
48,1883 - 1885,House,All,325
49,1885 - 1887,House,All,325
50,1887 - 1889,House,All,325
51,1889 - 1891,House,All,330
52,1891 - 1893,House,All,333
53,1893 - 1895,House,All,356
54,1895 - 1897,House,All,357
55,1897 - 1899,House,All,357
56,1899 - 1901,House,All,357
57,1901 - 1903,House,All,357
58,1903 - 1905,House,All,386
59,1905 - 1907,House,All,386
60,1907 - 1909,House,All,386
61,1909 - 1911,House,All,391
62,1911 - 1913,House,All,391
63,1913 - 1915,House,All,435
64,1915 - 1917,House,All,435
65,1917 - 1919,House,All,435
66,1919 - 1921,House,All,435
67,1921 - 1923,House,All,435
68,1923 - 1925,House,All,435
69,1925 - 1927,House,All,435
70,1927 - 1929,House,All,435
71,1929 - 1931,House,All,435
72,1931 - 1933,House,All,435
73,1933 - 1935,House,All,435
74,1935 - 1937,House,All,435
75,1937 - 1939,House,All,435
76,1939 - 1941,House,All,435
77,1941 - 1943,House,All,435
78,1943 - 1945,House,All,435
79,1945 - 1947,House,All,435
80,1947 - 1949,House,All,435
81,1949 - 1951,House,All,435
82,1951 - 1953,House,All,435
83,1953 - 1955,House,All,435
84,1955 - 1957,House,All,435
85,1957 - 1959,House,All,435
86,1959 - 1961,House,All,436
87,1961 - 1963,House,All,437
88,1963 - 1965,House,All,435
89,1965 - 1967,House,All,435
90,1967 - 1969,House,All,435
91,1969 - 1971,House,All,435
92,1971 - 1973,House,All,435
93,1973 - 1975,House,All,435
94,1975 - 1977,House,All,435
95,1977 - 1979,House,All,435
96,1979 - 1981,House,All,435
97,1981 - 1983,House,All,435
98,1983 - 1985,House,All,435
99,1985 - 1987,House,All,435
100,1987 - 1989,House,All,435
101,1989 - 1991,House,All,435
102,1991 - 1993,House,All,435
103,1993 - 1995,House,All,435
104,1995 - 1997,House,All,435
105,1997 - 1999,House,All,435
106,1999 - 2001,House,All,435
107,2001 - 2003,House,All,435
108,2003 - 2005,House,All,435
109,2005 - 2007,House,All,435
110,2007 - 2009,House,All,435
111,2009 - 2011,House,All,435
112,2011 - 2013,House,All,435
113,2013 - 2015,House,All,435
114,2015 - 2017,House,All,435
115,2017 - 2018,House,All,435
34,1855 - 1857,House,Democrat,83
35,1857 - 1859,House,Democrat,131
36,1859 - 1861,House,Democrat,101
37,1861 - 1863,House,Democrat,42
38,1863 - 1865,House,Democrat,80
39,1865 - 1867,House,Democrat,46
40,1867 - 1869,House,Democrat,49
41,1869 - 1871,House,Democrat,73
42,1871 - 1873,House,Democrat,104
43,1873 - 1875,House,Democrat,88
44,1875 - 1877,House,Democrat,181
45,1877 - 1879,House,Democrat,156
46,1879 - 1881,House,Democrat,150
47,1881 - 1883,House,Democrat,130
48,1883 - 1885,House,Democrat,200
49,1885 - 1887,House,Democrat,182
50,1887 - 1889,House,Democrat,170
51,1889 - 1891,House,Democrat,156
52,1891 - 1893,House,Democrat,231
53,1893 - 1895,House,Democrat,220
54,1895 - 1897,House,Democrat,104
55,1897 - 1899,House,Democrat,134
56,1899 - 1901,House,Democrat,163
57,1901 - 1903,House,Democrat,153
58,1903 - 1905,House,Democrat,178
59,1905 - 1907,House,Democrat,136
60,1907 - 1909,House,Democrat,164
61,1909 - 1911,House,Democrat,172
62,1911 - 1913,House,Democrat,228
63,1913 - 1915,House,Democrat,290
64,1915 - 1917,House,Democrat,231
65,1917 - 1919,House,Democrat,210
66,1919 - 1921,House,Democrat,191
67,1921 - 1923,House,Democrat,132
68,1923 - 1925,House,Democrat,207
69,1925 - 1927,House,Democrat,183
70,1927 - 1929,House,Democrat,195
71,1929 - 1931,House,Democrat,163
72,1931 - 1933,House,Democrat,216
73,1933 - 1935,House,Democrat,313
74,1935 - 1937,House,Democrat,322
75,1937 - 1939,House,Democrat,333
76,1939 - 1941,House,Democrat,262
77,1941 - 1943,House,Democrat,267
78,1943 - 1945,House,Democrat,222
79,1945 - 1947,House,Democrat,243
80,1947 - 1949,House,Democrat,188
81,1949 - 1951,House,Democrat,263
82,1951 - 1953,House,Democrat,234
83,1953 - 1955,House,Democrat,213
84,1955 - 1957,House,Democrat,232
85,1957 - 1959,House,Democrat,234
86,1959 - 1961,House,Democrat,283
87,1961 - 1963,House,Democrat,262
88,1963 - 1965,House,Democrat,258
89,1965 - 1967,House,Democrat,295
90,1967 - 1969,House,Democrat,246
91,1969 - 1971,House,Democrat,243
92,1971 - 1973,House,Democrat,255
93,1973 - 1975,House,Democrat,239
94,1975 - 1977,House,Democrat,291
95,1977 - 1979,House,Democrat,292
96,1979 - 1981,House,Democrat,276
97,1981 - 1983,House,Democrat,243
98,1983 - 1985,House,Democrat,268
99,1985 - 1987,House,Democrat,252
100,1987 - 1989,House,Democrat,258
101,1989 - 1991,House,Democrat,259
102,1991 - 1993,House,Democrat,267
103,1993 - 1995,House,Democrat,258
104,1995 - 1997,House,Democrat,204
105,1997 - 1999,House,Democrat,207
106,1999 - 2001,House,Democrat,211
107,2001 - 2003,House,Democrat,211
108,2003 - 2005,House,Democrat,205
109,2005 - 2007,House,Democrat,201
110,2007 - 2009,House,Democrat,233
111,2009 - 2011,House,Democrat,256
112,2011 - 2013,House,Democrat,193
113,2013 - 2015,House,Democrat,200
114,2015 - 2017,House,Democrat,188
115,2017 - 2018,House,Democrat,194
34,1855 - 1857,House,Republican,108
35,1857 - 1859,House,Republican,92
36,1859 - 1861,House,Republican,113
37,1861 - 1863,House,Republican,106
38,1863 - 1865,House,Republican,103
39,1865 - 1867,House,Republican,145
40,1867 - 1869,House,Republican,143
41,1869 - 1871,House,Republican,170
42,1871 - 1873,House,Republican,139
43,1873 - 1875,House,Republican,203
44,1875 - 1877,House,Republican,107
45,1877 - 1879,House,Republican,137
46,1879 - 1881,House,Republican,128
47,1881 - 1883,House,Republican,152
48,1883 - 1885,House,Republican,119
49,1885 - 1887,House,Republican,140
50,1887 - 1889,House,Republican,151
51,1889 - 1891,House,Republican,173
52,1891 - 1893,House,Republican,88
53,1893 - 1895,House,Republican,126
54,1895 - 1897,House,Republican,246
55,1897 - 1899,House,Republican,206
56,1899 - 1901,House,Republican,185
57,1901 - 1903,House,Republican,198
58,1903 - 1905,House,Republican,207
59,1905 - 1907,House,Republican,250
60,1907 - 1909,House,Republican,222
61,1909 - 1911,House,Republican,219
62,1911 - 1913,House,Republican,162
63,1913 - 1915,House,Republican,127
64,1915 - 1917,House,Republican,193
65,1917 - 1919,House,Republican,216
66,1919 - 1921,House,Republican,237
67,1921 - 1923,House,Republican,300
68,1923 - 1925,House,Republican,225
69,1925 - 1927,House,Republican,247
70,1927 - 1929,House,Republican,237
71,1929 - 1931,House,Republican,267
72,1931 - 1933,House,Republican,218
73,1933 - 1935,House,Republican,117
74,1935 - 1937,House,Republican,103
75,1937 - 1939,House,Republican,89
76,1939 - 1941,House,Republican,169
77,1941 - 1943,House,Republican,162
78,1943 - 1945,House,Republican,209
79,1945 - 1947,House,Republican,190
80,1947 - 1949,House,Republican,246
81,1949 - 1951,House,Republican,171
82,1951 - 1953,House,Republican,199
83,1953 - 1955,House,Republican,221
84,1955 - 1957,House,Republican,203
85,1957 - 1959,House,Republican,201
86,1959 - 1961,House,Republican,153
87,1961 - 1963,House,Republican,175
88,1963 - 1965,House,Republican,176
89,1965 - 1967,House,Republican,140
90,1967 - 1969,House,Republican,187
91,1969 - 1971,House,Republican,192
92,1971 - 1973,House,Republican,180
93,1973 - 1975,House,Republican,192
94,1975 - 1977,House,Republican,144
95,1977 - 1979,House,Republican,143
96,1979 - 1981,House,Republican,157
97,1981 - 1983,House,Republican,192
98,1983 - 1985,House,Republican,166
99,1985 - 1987,House,Republican,182
100,1987 - 1989,House,Republican,177
101,1989 - 1991,House,Republican,174
102,1991 - 1993,House,Republican,167
103,1993 - 1995,House,Republican,176
104,1995 - 1997,House,Republican,230
105,1997 - 1999,House,Republican,227
106,1999 - 2001,House,Republican,223
107,2001 - 2003,House,Republican,221
108,2003 - 2005,House,Republican,229
109,2005 - 2007,House,Republican,232
110,2007 - 2009,House,Republican,202
111,2009 - 2011,House,Republican,178
112,2011 - 2013,House,Republican,242
113,2013 - 2015,House,Republican,233
114,2015 - 2017,House,Republican,247
115,2017 - 2018,House,Republican,241
34,1855 - 1857,House,Other,43
35,1857 - 1859,House,Other,14
36,1859 - 1861,House,Other,23
37,1861 - 1863,House,Other,28
38,1863 - 1865,House,Other,.
39,1865 - 1867,House,Other,.
40,1867 - 1869,House,Other,.
41,1869 - 1871,House,Other,.
42,1871 - 1873,House,Other,.
43,1873 - 1875,House,Other,.
44,1875 - 1877,House,Other,3
45,1877 - 1879,House,Other,.
46,1879 - 1881,House,Other,14
47,1881 - 1883,House,Other,11
48,1883 - 1885,House,Other,6
49,1885 - 1887,House,Other,2
50,1887 - 1889,House,Other,4
51,1889 - 1891,House,Other,1
52,1891 - 1893,House,Other,14
53,1893 - 1895,House,Other,10
54,1895 - 1897,House,Other,7
55,1897 - 1899,House,Other,16
56,1899 - 1901,House,Other,9
57,1901 - 1903,House,Other,5
58,1903 - 1905,House,Other,.
59,1905 - 1907,House,Other,.
60,1907 - 1909,House,Other,.
61,1909 - 1911,House,Other,.
62,1911 - 1913,House,Other,1
63,1913 - 1915,House,Other,18
64,1915 - 1917,House,Other,8
65,1917 - 1919,House,Other,9
66,1919 - 1921,House,Other,7
67,1921 - 1923,House,Other,1
68,1923 - 1925,House,Other,3
69,1925 - 1927,House,Other,5
70,1927 - 1929,House,Other,3
71,1929 - 1931,House,Other,1
72,1931 - 1933,House,Other,1
73,1933 - 1935,House,Other,5
74,1935 - 1937,House,Other,10
75,1937 - 1939,House,Other,13
76,1939 - 1941,House,Other,4
77,1941 - 1943,House,Other,6
78,1943 - 1945,House,Other,4
79,1945 - 1947,House,Other,2
80,1947 - 1949,House,Other,1
81,1949 - 1951,House,Other,1
82,1951 - 1953,House,Other,2
83,1953 - 1955,House,Other,1
84,1955 - 1957,House,Other,.
85,1957 - 1959,House,Other,.
86,1959 - 1961,House,Other,.
87,1961 - 1963,House,Other,.
88,1963 - 1965,House,Other,.
89,1965 - 1967,House,Other,.
90,1967 - 1969,House,Other,.
91,1969 - 1971,House,Other,.
92,1971 - 1973,House,Other,.
93,1973 - 1975,House,Other,1
94,1975 - 1977,House,Other,.
95,1977 - 1979,House,Other,.
96,1979 - 1981,House,Other,.
97,1981 - 1983,House,Other,.
98,1983 - 1985,House,Other,.
99,1985 - 1987,House,Other,.
100,1987 - 1989,House,Other,.
101,1989 - 1991,House,Other,.
102,1991 - 1993,House,Other,1
103,1993 - 1995,House,Other,1
104,1995 - 1997,House,Other,1
105,1997 - 1999,House,Other,1
106,1999 - 2001,House,Other,1
107,2001 - 2003,House,Other,2
108,2003 - 2005,House,Other,1
109,2005 - 2007,House,Other,1
110,2007 - 2009,House,Other,.
111,2009 - 2011,House,Other,.
112,2011 - 2013,House,Other,.
113,2013 - 2015,House,Other,.
114,2015 - 2017,House,Other,.
115,2017 - 2018,House,Other,.
34,1855 - 1857,House,Vacant,.
35,1857 - 1859,House,Vacant,.
36,1859 - 1861,House,Vacant,.
37,1861 - 1863,House,Vacant,2
38,1863 - 1865,House,Vacant,.
39,1865 - 1867,House,Vacant,.
40,1867 - 1869,House,Vacant,1
41,1869 - 1871,House,Vacant,.
42,1871 - 1873,House,Vacant,.
43,1873 - 1875,House,Vacant,2
44,1875 - 1877,House,Vacant,2
45,1877 - 1879,House,Vacant,.
46,1879 - 1881,House,Vacant,1
47,1881 - 1883,House,Vacant,.
48,1883 - 1885,House,Vacant,.
49,1885 - 1887,House,Vacant,1
50,1887 - 1889,House,Vacant,.
51,1889 - 1891,House,Vacant,.
52,1891 - 1893,House,Vacant,.
53,1893 - 1895,House,Vacant,.
54,1895 - 1897,House,Vacant,.
55,1897 - 1899,House,Vacant,1
56,1899 - 1901,House,Vacant,.
57,1901 - 1903,House,Vacant,1
58,1903 - 1905,House,Vacant,1
59,1905 - 1907,House,Vacant,.
60,1907 - 1909,House,Vacant,.
61,1909 - 1911,House,Vacant,.
62,1911 - 1913,House,Vacant,.
63,1913 - 1915,House,Vacant,.
64,1915 - 1917,House,Vacant,3
65,1917 - 1919,House,Vacant,.
66,1919 - 1921,House,Vacant,.
67,1921 - 1923,House,Vacant,2
68,1923 - 1925,House,Vacant,.
69,1925 - 1927,House,Vacant,.
70,1927 - 1929,House,Vacant,.
71,1929 - 1931,House,Vacant,4
72,1931 - 1933,House,Vacant,.
73,1933 - 1935,House,Vacant,.
74,1935 - 1937,House,Vacant,.
75,1937 - 1939,House,Vacant,.
76,1939 - 1941,House,Vacant,.
77,1941 - 1943,House,Vacant,.
78,1943 - 1945,House,Vacant,.
79,1945 - 1947,House,Vacant,.
80,1947 - 1949,House,Vacant,.
81,1949 - 1951,House,Vacant,.
82,1951 - 1953,House,Vacant,.
83,1953 - 1955,House,Vacant,.
84,1955 - 1957,House,Vacant,.
85,1957 - 1959,House,Vacant,.
86,1959 - 1961,House,Vacant,.
87,1961 - 1963,House,Vacant,.
88,1963 - 1965,House,Vacant,1
89,1965 - 1967,House,Vacant,.
90,1967 - 1969,House,Vacant,2
91,1969 - 1971,House,Vacant,.
92,1971 - 1973,House,Vacant,.
93,1973 - 1975,House,Vacant,3
94,1975 - 1977,House,Vacant,.
95,1977 - 1979,House,Vacant,.
96,1979 - 1981,House,Vacant,2
97,1981 - 1983,House,Vacant,.
98,1983 - 1985,House,Vacant,1
99,1985 - 1987,House,Vacant,1
100,1987 - 1989,House,Vacant,.
101,1989 - 1991,House,Vacant,2
102,1991 - 1993,House,Vacant,.
103,1993 - 1995,House,Vacant,.
104,1995 - 1997,House,Vacant,.
105,1997 - 1999,House,Vacant,.
106,1999 - 2001,House,Vacant,.
107,2001 - 2003,House,Vacant,1
108,2003 - 2005,House,Vacant,.
109,2005 - 2007,House,Vacant,1
110,2007 - 2009,House,Vacant,.
111,2009 - 2011,House,Vacant,1
112,2011 - 2013,House,Vacant,.
113,2013 - 2015,House,Vacant,2
114,2015 - 2017,House,Vacant,.
115,2017 - 2018,House,Vacant,.